<!-- Hokuyo LIDAR for simulation -->
  <xacro:macro name="hokuyo_laser">
    <gazebo reference="base_laser_link">
      <sensor type="ray" name="laser">
        <pose>0 0 0 0 0 0</pose>
        <visualize>false</visualize>
        <update_rate>40</update_rate>
        <ray>
          <scan>
            <horizontal>
              <samples>720</samples>
              <resolution>1</resolution>
              <min_angle>-1.570796</min_angle>
              <max_angle>1.570796</max_angle>
            </horizontal>
          </scan>
          <range>
            <min>0.10</min>
            <max>30.0</max>
            <resolution>0.01</resolution>
          </range>
          <noise>
            <type>Gaussian</type>
            <mean>0.0</mean>
            <stddev>0.01</stddev>
          </noise>
        </ray>
        <plugin name="hokuyo_node" filename="libgazebo_ros_laser.so">
          <topicName>/scan</topicName>
          <frameName>base_laser_link</frameName>
        </plugin>
      </sensor>
    </gazebo>
</xacro:macro>
